Top queries,Web Clicks,News Clicks,Web Impressions,News Impressions,Web CTR,News CTR,Web Position,News Position
pembuatan sio online gratis,7,0,46,0,15.22%,0%,2.35,0
sio,2,0,3500,0,0.06%,0%,2.45,0
sio online,2,0,35,0,5.71%,0%,5.29,0
safety stand down adalah,2,0,27,0,7.41%,0%,2.07,0
pelatihan forklift gresik,2,0,9,0,22.22%,0%,4.33,0
jenis sio alat berat,2,0,6,0,33.33%,0%,3.33,0
biaya pembuatan sio forklift,1,0,16,0,6.25%,0%,7.94,0
pelatihan forklift gratis 2026,1,0,12,0,8.33%,0%,5.42,0
jasa pembuatan sio excavator,1,0,8,0,12.5%,0%,2.25,0
kursus las bekasi,1,0,7,0,14.29%,0%,10.57,0
sio motor,1,0,6,0,16.67%,0%,1.5,0
pelatihan forklift tangerang,1,0,6,0,16.67%,0%,6.5,0
tempat kursus forklift terdekat,1,0,5,0,20%,0%,1,0
bikin sio online,1,0,5,0,20%,0%,2.4,0
take 5 safety indonesia,1,0,5,0,20%,0%,6,0
pembuatan sio forklift terdekat,1,0,5,0,20%,0%,7.4,0
pelatihan forklift bandung,1,0,5,0,20%,0%,13.8,0
iya,1,0,4,0,25%,0%,3.75,0
sio forklift batam,1,0,4,0,25%,0%,10.75,0
sio telehandler,1,0,3,0,33.33%,0%,1,0
bikin sio forklift,1,0,3,0,33.33%,0%,1.67,0
selain disitu,1,0,1,0,100%,0%,2,0
yaa,1,0,1,0,100%,0%,4,0
sio adalah,0,0,94,0,0%,0%,5.16,0
apa itu sio,0,0,69,0,0%,0%,1.91,0
genset bojonegoro,0,0,58,0,0%,0%,53.84,0
cara membuat sio,0,0,42,0,0%,0%,3.19,0
sio excavator,0,0,39,0,0%,0%,1.33,0
arti sio,0,0,35,0,0%,0%,1.91,0
sertifikat sio,0,0,32,0,0%,0%,2.81,0
"ulasan kursus dan sertifikasi k3 forklift mojokerto jatim kabupaten 
mojokerto",0,0,32,0,0%,0%,5.47,0
sertifikat sio adalah,0,0,29,0,0%,0%,2.83,0
sio operator,0,0,28,0,0%,0%,1.29,0
surat izin operator,0,0,26,0,0%,0%,1,0
sio itu apa,0,0,26,0,0%,0%,1.65,0
genset jambi,0,0,26,0,0%,0%,68.69,0
genset banjarmasin,0,0,25,0,0%,0%,56.4,0
genset palangkaraya,0,0,23,0,0%,0%,79.87,0
sio forklift,0,0,22,0,0%,0%,9.91,0
sio crane,0,0,21,0,0%,0%,1.19,0
genset manado,0,0,19,0,0%,0%,55.16,0
genset tegal,0,0,18,0,0%,0%,69.11,0
pembuatan sio online,0,0,17,0,0%,0%,2.82,0
sia alat berat,0,0,17,0,0%,0%,2.88,0
jenis sio,0,0,17,0,0%,0%,5.12,0
sio berlaku berapa tahun,0,0,17,0,0%,0%,8.59,0
genset cirebon,0,0,17,0,0%,0%,74.24,0
sim forklift,0,0,16,0,0%,0%,1,0
sio artinya,0,0,16,0,0%,0%,7.75,0
cara buat sio,0,0,15,0,0%,0%,5.27,0
biaya bikin sio forklift,0,0,15,0,0%,0%,19.07,0
sio artinya apa,0,0,14,0,0%,0%,1,0
load chart adalah,0,0,14,0,0%,0%,4.29,0
sio loader,0,0,14,0,0%,0%,5.86,0
kursus forklift mojokerto,0,0,14,0,0%,0%,10.43,0
sia sio adalah,0,0,13,0,0%,0%,2.31,0
sio.,0,0,13,0,0%,0%,3.08,0
apa arti sio,0,0,12,0,0%,0%,1,0
sio gondola,0,0,12,0,0%,0%,1.83,0
genset karawang,0,0,12,0,0%,0%,74.25,0
cara bikin sio,0,0,11,0,0%,0%,2.09,0
daftar sio,0,0,11,0,0%,0%,6.45,0
jenis jenis sio,0,0,11,0,0%,0%,7.55,0
harga sio forklift,0,0,11,0,0%,0%,10,0
apa saja tugas caraka,0,0,11,0,0%,0%,10.82,0
bg001 adalah,0,0,10,0,0%,0%,1,0
cara mengurus sio di depnaker,0,0,10,0,0%,0%,1,0
sio kemnaker,0,0,10,0,0%,0%,1,0
sio dump truck,0,0,10,0,0%,0%,1.9,0
contoh sio excavator,0,0,10,0,0%,0%,8.8,0
apa sio,0,0,9,0,0%,0%,1,0
bg002 adalah,0,0,9,0,0%,0%,1,0
cara cetak sio online,0,0,9,0,0%,0%,1,0
sim untuk forklift,0,0,9,0,0%,0%,1,0
safety stand down,0,0,9,0,0%,0%,2.44,0
sio migas,0,0,9,0,0%,0%,3.22,0
sio excavator kelas 1,0,0,9,0,0%,0%,3.44,0
contoh sio dump truck,0,0,9,0,0%,0%,5.89,0
biaya sio forklift,0,0,9,0,0%,0%,7.67,0
sio reach stacker,0,0,9,0,0%,0%,8.44,0
kursus forklift karawang,0,0,9,0,0%,0%,10.78,0
sbu bg002,0,0,8,0,0%,0%,2.38,0
sio itu apa artinya,0,0,8,0,0%,0%,2.5,0
ya,0,0,8,0,0%,0%,3.38,0
pelatihan k3 di jambi,0,0,8,0,0%,0%,3.88,0
biaya buat sio forklift,0,0,8,0,0%,0%,8,0
pelatihan dan sertifikasi kota serang,0,0,8,0,0%,0%,19.5,0
sio pesawat angkat angkut,0,0,7,0,0%,0%,1,0
surat ijin operator,0,0,7,0,0%,0%,1.57,0
bikin sio,0,0,7,0,0%,0%,2,0
sio dt,0,0,7,0,0%,0%,4.29,0
load chart,0,0,7,0,0%,0%,6.29,0
ulasan lembaga pelatihan kerja (lpk) & pusat sertifikasi k3 kota tangerang,0,0,7,0,0%,0%,11.86,0
kepanjangan sio,0,0,7,0,0%,0%,41.86,0
sertifikat smk3,0,0,7,0,0%,0%,46.29,0
genset sleman,0,0,7,0,0%,0%,72.29,0
backhoe,0,0,7,0,0%,0%,90.43,0
cara bikin sio excavator,0,0,6,0,0%,0%,1,0
sbu bg001 adalah,0,0,6,0,0%,0%,1,0
sertifikat sio forklift,0,0,6,0,0%,0%,1,0
sio adalah surat izin,0,0,6,0,0%,0%,1,0
sio angkat angkut,0,0,6,0,0%,0%,1,0
sio kelas 1,0,0,6,0,0%,0%,1,0
sio perusahaan,0,0,6,0,0%,0%,1,0
masa berlaku sio excavator,0,0,6,0,0%,0%,2.17,0
sia sio,0,0,6,0,0%,0%,3.5,0
sio hoist crane,0,0,6,0,0%,0%,3.67,0
fungsi load chart pada manlift,0,0,6,0,0%,0%,5.17,0
sio bnsp,0,0,6,0,0%,0%,6.17,0
sio rigger,0,0,6,0,0%,0%,7.17,0
sio wheel loader,0,0,6,0,0%,0%,7.33,0
masa berlaku sio,0,0,6,0,0%,0%,7.5,0
pelatihan forklift terdekat,0,0,6,0,0%,0%,13.33,0
sertifikat csms pertamina,0,0,6,0,0%,0%,34.17,0
jadwal pesawat sorong bintuni,0,0,6,0,0%,0%,36.17,0
klausul iso 9001,0,0,6,0,0%,0%,43,0
apa itu sio dalam pekerjaan,0,0,5,0,0%,0%,1,0
cara membuat sio excavator,0,0,5,0,0%,0%,1,0
cara membuat sio online,0,0,5,0,0%,0%,1,0
surat sio,0,0,5,0,0%,0%,1,0
sio kerja adalah,0,0,5,0,0%,0%,2.6,0
cara mendapatkan sio,0,0,5,0,0%,0%,5.8,0
loadchart crane,0,0,5,0,0%,0%,5.8,0
pengertian sio,0,0,5,0,0%,0%,5.8,0
sio bulldozer,0,0,5,0,0%,0%,5.8,0
sio operator excavator,0,0,5,0,0%,0%,6.6,0
harga bikin sio forklift,0,0,5,0,0%,0%,7.2,0
sio kambing1,0,0,5,0,0%,0%,10,0
surat izin layak operasi,0,0,5,0,0%,0%,22,0
buldoser jombang,0,0,5,0,0%,0%,75.2,0
siujk,0,0,5,0,0%,0%,92,0
pembuatan sio,0,0,4,0,0%,0%,1,0
sertifikat gondola,0,0,4,0,0%,0%,1,0
sia sio operasi,0,0,4,0,0%,0%,1,0
sio apa,0,0,4,0,0%,0%,1,0
sio disnaker,0,0,4,0,0%,0%,1,0
sio surat izin operator,0,0,4,0,0%,0%,1,0
sio towing,0,0,4,0,0%,0%,1,0
sio operator crane,0,0,4,0,0%,0%,2.5,0
buat sio,0,0,4,0,0%,0%,3.5,0
cara mengurus sio,0,0,4,0,0%,0%,4,0
sio k3 umum,0,0,4,0,0%,0%,5.5,0
sio genset,0,0,4,0,0%,0%,7.75,0
surat alat berat,0,0,4,0,0%,0%,7.75,0
biaya pembuatan sio gondola,0,0,4,0,0%,0%,8.25,0
cara membaca load chart crane,0,0,4,0,0%,0%,8.5,0
tangki timbun batam,0,0,4,0,0%,0%,8.5,0
cara menghitung load chart forklift,0,0,4,0,0%,0%,9.25,0
nip perusahaan adalah,0,0,4,0,0%,0%,9.5,0
sio alat berat adalah,0,0,4,0,0%,0%,10.75,0
berapa biaya bikin sio forklift,0,0,4,0,0%,0%,11,0
sio dan silo adalah,0,0,4,0,0%,0%,11.25,0
k3 kudus,0,0,4,0,0%,0%,11.5,0
pelatihan k3 manado,0,0,4,0,0%,0%,12,0
pertamina ep indramayu,0,0,4,0,0%,0%,12.5,0
kursus las terdekat,0,0,4,0,0%,0%,13.25,0
genset pontianak,0,0,4,0,0%,0%,61,0
sewa crane jombang,0,0,4,0,0%,0%,62.5,0
nib untuk perorangan,0,0,4,0,0%,0%,69,0
ska adalah,0,0,4,0,0%,0%,78.25,0
genset kediri,0,0,4,0,0%,0%,79.5,0
arti dari sio,0,0,3,0,0%,0%,1,0
bikin sio dimana,0,0,3,0,0%,0%,1,0
bikin sio excavator,0,0,3,0,0%,0%,1,0
cara mengurus sio excavator di depnaker,0,0,3,0,0%,0%,1,0
fungsi load chart adalah,0,0,3,0,0%,0%,1,0
harga sio dump truck,0,0,3,0,0%,0%,1,0
mengurus sio dimana,0,0,3,0,0%,0%,1,0
operator skt adalah,0,0,3,0,0%,0%,1,0
perbedaan sio excavator kelas 1 dan 2,0,0,3,0,0%,0%,1,0
persyaratan bikin sio forklift,0,0,3,0,0%,0%,1,0
sbu bg 001,0,0,3,0,0%,0%,1,0
sbu bg 002,0,0,3,0,0%,0%,1,0
sia dan sio,0,0,3,0,0%,0%,1,0
sia dan sio adalah,0,0,3,0,0%,0%,1,0
sia sio operasi adalah,0,0,3,0,0%,0%,1,0
sim sio,0,0,3,0,0%,0%,1,0
sio dalam pekerjaan,0,0,3,0,0%,0%,1,0
sio depnaker,0,0,3,0,0%,0%,1,0
sio overhead crane,0,0,3,0,0%,0%,1,0
sio sertifikat,0,0,3,0,0%,0%,1,0
sio?,0,0,3,0,0%,0%,1,0
tempat pembuatan sio,0,0,3,0,0%,0%,1,0
stand down adalah,0,0,3,0,0%,0%,1.33,0
sio terbaru,0,0,3,0,0%,0%,1.67,0
safety standown,0,0,3,0,0%,0%,2,0
pelatihan las terdekat,0,0,3,0,0%,0%,2.33,0
surat izin alat berat,0,0,3,0,0%,0%,2.67,0
sio lamaran kerja,0,0,3,0,0%,0%,3.67,0
sio mobil,0,0,3,0,0%,0%,4,0
sio operator dozer,0,0,3,0,0%,0%,4,0
harga sio,0,0,3,0,0%,0%,4.33,0
surat izin alat,0,0,3,0,0%,0%,4.33,0
sio forklift 2026,0,0,3,0,0%,0%,4.67,0
csms wilmar,0,0,3,0,0%,0%,5,0
surat izin forklift,0,0,3,0,0%,0%,5,0
harga buat sio forklift,0,0,3,0,0%,0%,5.33,0
sio dozer,0,0,3,0,0%,0%,5.33,0
load card crane,0,0,3,0,0%,0%,5.67,0
csms pertamina ep,0,0,3,0,0%,0%,6,0
harga bikin sio,0,0,3,0,0%,0%,6.67,0
sio welder,0,0,3,0,0%,0%,7.33,0
pelatihan k3 pontianak,0,0,3,0,0%,0%,7.67,0
sio forklift gratis,0,0,3,0,0%,0%,8,0
sio a,0,0,3,0,0%,0%,8.67,0
cara buat sio alat berat,0,0,3,0,0%,0%,9.33,0
manager lapangan adalah,0,0,3,0,0%,0%,9.67,0
pelatihan forklift karawang,0,0,3,0,0%,0%,10,0
sio sim artinya,0,0,3,0,0%,0%,10,0
sio excavator asli,0,0,3,0,0%,0%,10.33,0
pengurusan sio,0,0,3,0,0%,0%,10.67,0
apa itu hira,0,0,3,0,0%,0%,11,0
kbli penangkapan ikan di laut,0,0,3,0,0%,0%,11.33,0
pelatihan forklift batam,0,0,3,0,0%,0%,11.33,0
sbu air bersih,0,0,3,0,0%,0%,11.67,0
tugas caraka,0,0,3,0,0%,0%,11.67,0
kursus forklift bogor,0,0,3,0,0%,0%,12,0
tugas penyusun laporan keuangan,0,0,3,0,0%,0%,12.33,0
pelatihan las bekasi,0,0,3,0,0%,0%,12.67,0
cara cek sio,0,0,3,0,0%,0%,13,0
apdesi adalah,0,0,3,0,0%,0%,29,0
e-simpan pupr,0,0,3,0,0%,0%,38,0
foreign direct investment fdi,0,0,3,0,0%,0%,41.33,0
sbu untuk asing,0,0,3,0,0%,0%,50,0
genset sidoarjo,0,0,3,0,0%,0%,63,0
sio forklift kelas 3,0,0,3,0,0%,0%,66.67,0
jasa pengurusan sbu di bandung,0,0,3,0,0%,0%,74,0
apa itu sio perusahaan,0,0,2,0,0%,0%,1,0
cara buat sio excavator,0,0,2,0,0%,0%,1,0
harga sertifikat csms pertamina,0,0,2,0,0%,0%,1,0
jasa pembuatan csms,0,0,2,0,0%,0%,1,0
pelatihan forklift gratis,0,0,2,0,0%,0%,1,0
pelatihan sio forklift,0,0,2,0,0%,0%,1,0
s io,0,0,2,0,0%,0%,1,0
safety stand down artinya,0,0,2,0,0%,0%,1,0
sbu bg002 adalah,0,0,2,0,0%,0%,1,0
sertifikasi sio,0,0,2,0,0%,0%,1,0
sertifikat operator dump truck,0,0,2,0,0%,0%,1,0
sertifikat sio crane,0,0,2,0,0%,0%,1,0
sertifikat sio excavator,0,0,2,0,0%,0%,1,0
sio driver dt,0,0,2,0,0%,0%,1,0
sio hand lift adalah,0,0,2,0,0%,0%,1,0
sio kemenaker,0,0,2,0,0%,0%,1,0
sio oprator,0,0,2,0,0%,0%,1,0
sio pallet mover,0,0,2,0,0%,0%,1,0
sio tambang adalah,0,0,2,0,0%,0%,1,0
sio trailer,0,0,2,0,0%,0%,1,0
surat forklift,0,0,2,0,0%,0%,1,0
surat izin operator excavator,0,0,2,0,0%,0%,1,0
apa itu safety stand down,0,0,2,0,0%,0%,1.5,0
sio operator dump truck,0,0,2,0,0%,0%,2,0
sio operator genset,0,0,2,0,0%,0%,3.5,0
sio sia,0,0,2,0,0%,0%,3.5,0
sio hand lift,0,0,2,0,0%,0%,4,0
sio sim,0,0,2,0,0%,0%,4,0
sio website,0,0,2,0,0%,0%,4,0
stand down meeting adalah,0,0,2,0,0%,0%,4,0
sio pt,0,0,2,0,0%,0%,4.5,0
sio exca,0,0,2,0,0%,0%,5.5,0
berapa biaya pembuatan sio forklift,0,0,2,0,0%,0%,6,0
sio kebakaran,0,0,2,0,0%,0%,6,0
contoh surat izin alat berat,0,0,2,0,0%,0%,6.5,0
harga pembuatan sio forklift,0,0,2,0,0%,0%,6.5,0
surat izin operator alat berat,0,0,2,0,0%,0%,6.5,0
jsa alat berat,0,0,2,0,0%,0%,7,0
loadchart,0,0,2,0,0%,0%,7,0
silo excavator adalah,0,0,2,0,0%,0%,7,0
jaminan pelaksanaan untuk pengadaan barang,0,0,2,0,0%,0%,7.5,0
lpjk certificate scanner,0,0,2,0,0%,0%,8,0
sekolah alat berat terdekat,0,0,2,0,0%,0%,8,0
shovel excavator,0,0,2,0,0%,0%,8.5,0
sia forklift,0,0,2,0,0%,0%,8.5,0
sio crawler crane,0,0,2,0,0%,0%,8.5,0
tenaga caraka adalah,0,0,2,0,0%,0%,8.5,0
cara bikin sio forklift,0,0,2,0,0%,0%,9,0
harga buat sio,0,0,2,0,0%,0%,9,0
sio juru las,0,0,2,0,0%,0%,9,0
bikin sio forklift berapa,0,0,2,0,0%,0%,9.5,0
contoh sio bulldozer,0,0,2,0,0%,0%,9.5,0
damkar binjai,0,0,2,0,0%,0%,9.5,0
bintang forklift malang,0,0,2,0,0%,0%,10.5,0
cara baca load chart crane,0,0,2,0,0%,0%,10.5,0
biaya membuat sio forklift,0,0,2,0,0%,0%,11,0
nib diterbitkan oleh instansi apa,0,0,2,0,0%,0%,11,0
sio silo adalah,0,0,2,0,0%,0%,11.5,0
biaya sio,0,0,2,0,0%,0%,12,0
kursus las semarang,0,0,2,0,0%,0%,12,0
pelatihan forklift medan,0,0,2,0,0%,0%,12,0
pelatihan sio forklift - kemnaker ri kota bogor,0,0,2,0,0%,0%,12,0
pengurusan iso perusahaan,0,0,2,0,0%,0%,12,0
pengurusan sio alat berat,0,0,2,0,0%,0%,12,0
cara buat sio operator,0,0,2,0,0%,0%,13,0
sio reach truck,0,0,2,0,0%,0%,13.5,0
apa itu sio forklift,0,0,2,0,0%,0%,14,0
sertifikasi iso 9001 perorangan,0,0,2,0,0%,0%,20.5,0
sio forklift adalah,0,0,2,0,0%,0%,20.5,0
nip perusahaan,0,0,2,0,0%,0%,21.5,0
training k3 bandung,0,0,2,0,0%,0%,26,0
wewenang menteri,0,0,2,0,0%,0%,31.5,0
cara membuat sio forklift di disnaker,0,0,2,0,0%,0%,32,0
pelatihan forklift lokal,0,0,2,0,0%,0%,39,0
apa itu loto,0,0,2,0,0%,0%,39.5,0
arti nib,0,0,2,0,0%,0%,44.5,0
biaya pembuatan csms,0,0,2,0,0%,0%,46.5,0
pelatihan teknisi forklift,0,0,2,0,0%,0%,48,0
hira adalah,0,0,2,0,0%,0%,51.5,0
contoh nib pt,0,0,2,0,0%,0%,56.5,0
sertifikasi k3 adalah,0,0,2,0,0%,0%,56.5,0
nib perorangan,0,0,2,0,0%,0%,62.5,0
hierarchy of control,0,0,2,0,0%,0%,63.5,0
sma seget,0,0,2,0,0%,0%,63.5,0
cara membuat sio forklift,0,0,2,0,0%,0%,65.5,0
nib dan izin usaha,0,0,2,0,0%,0%,66.5,0
alat angkat angkut,0,0,2,0,0%,0%,67,0
cara membuat perusahaan,0,0,2,0,0%,0%,67,0
apa itu sertifikasi k3,0,0,2,0,0%,0%,70.5,0
buat nib perorangan,0,0,2,0,0%,0%,78,0
cara buat nib perorangan,0,0,2,0,0%,0%,78.5,0
big 4 indonesia,0,0,2,0,0%,0%,79.5,0
sewa forklift manggarai,0,0,2,0,0%,0%,81,0
sertifikasi badan usaha konstruksi,0,0,2,0,0%,0%,81.5,0
pengurusan nib perorangan,0,0,2,0,0%,0%,82,0
biaya izin usaha,0,0,2,0,0%,0%,82.5,0
industri konstruksi adalah,0,0,2,0,0%,0%,84,0
cara mendapatkan nib perorangan,0,0,2,0,0%,0%,86,0
cara mendapatkan nib pt perorangan,0,0,2,0,0%,0%,87,0
harga surat izin usaha,0,0,2,0,0%,0%,88.5,0
jasa pembuatan smk3,0,0,2,0,0%,0%,95.5,0
"""pengadaan1@posindonesia.co.id""",0,0,1,0,0%,0%,1,0
ahli k3,0,0,1,0,0%,0%,1,0
akuntan publik terkenal di indonesia,0,0,1,0,0%,0%,1,0
apa arti dari sio,0,0,1,0,0%,0%,1,0
apa artinya sio,0,0,1,0,0%,0%,1,0
apa itu sil,0,0,1,0,0%,0%,1,0
apa itu sio crane,0,0,1,0,0%,0%,1,0
audit csms pertamina,0,0,1,0,0%,0%,1,0
biaya kursus operator crane,0,0,1,0,0%,0%,1,0
bms scaffolding,0,0,1,0,0%,0%,1,0
buat sio dimana,0,0,1,0,0%,0%,1,0
cara bikin surat izin usaha perdagangan,0,0,1,0,0%,0%,1,0
cara lihat sio,0,0,1,0,0%,0%,1,0
cara mendapatkan sertifikat sio,0,0,1,0,0%,0%,1,0
cara mengecek sio asli,0,0,1,0,0%,0%,1,0
cetak sio forklift online,0,0,1,0,0%,0%,1,0
crane signalman,0,0,1,0,0%,0%,1,0
harga kompetitif,0,0,1,0,0%,0%,1,0
jasa csms pertamina,0,0,1,0,0%,0%,1,0
keuntungan kawasan berikat,0,0,1,0,0%,0%,1,0
kursus forklift,0,0,1,0,0%,0%,1,0
kursus forklift tangerang,0,0,1,0,0%,0%,1,0
kursus forklift terdekat,0,0,1,0,0%,0%,1,0
kursus las,0,0,1,0,0%,0%,1,0
lisensi sio forklift,0,0,1,0,0%,0%,1,0
maksud sio,0,0,1,0,0%,0%,1,0
nomor sio forklift yang mana,0,0,1,0,0%,0%,1,0
pelatihan ahli k3 listrik,0,0,1,0,0%,0%,1,0
pelatihan dump truck tambang,0,0,1,0,0%,0%,1,0
pelatihan k3 lampung,0,0,1,0,0%,0%,1,0
pelatihan k3 malang,0,0,1,0,0%,0%,1,0
pelatihan operator crane gratis,0,0,1,0,0%,0%,1,0
pelatihan p3k kemnaker,0,0,1,0,0%,0%,1,0
pelatihan teknisi,0,0,1,0,0%,0%,1,0
pelatihan welding,0,0,1,0,0%,0%,1,0
pengadaan dibawah 50 juta,0,0,1,0,0%,0%,1,0
pjk3 di medan,0,0,1,0,0%,0%,1,0
ponton batubara,0,0,1,0,0%,0%,1,0
positive isolation,0,0,1,0,0%,0%,1,0
program sio,0,0,1,0,0%,0%,1,0
rk005,0,0,1,0,0%,0%,1,0
ruang tertutup,0,0,1,0,0%,0%,1,0
s i o adalah,0,0,1,0,0%,0%,1,0
s.i.o,0,0,1,0,0%,0%,1,0
sekolah las terdekat,0,0,1,0,0%,0%,1,0
sekolah welder terdekat,0,0,1,0,0%,0%,1,0
sertifikasi sio adalah,0,0,1,0,0%,0%,1,0
sertifikasi sio forklift,0,0,1,0,0%,0%,1,0
sertifikat perancah,0,0,1,0,0%,0%,1,0
sertifikat sio alat berat,0,0,1,0,0%,0%,1,0
service bosch pump terdekat,0,0,1,0,0%,0%,1,0
sia bau,0,0,1,0,0%,0%,1,0
sim alat berat excavator,0,0,1,0,0%,0%,1,0
sim forklift indonesia,0,0,1,0,0%,0%,1,0
sim operator alat berat,0,0,1,0,0%,0%,1,0
sim sio forklift,0,0,1,0,0%,0%,1,0
sim untuk excavator,0,0,1,0,0%,0%,1,0
sio 2019,0,0,1,0,0%,0%,1,0
sio 3,0,0,1,0,0%,0%,1,0
sio 85,0,0,1,0,0%,0%,1,0
sio alat berat,0,0,1,0,0%,0%,1,0
sio bnsp adalah,0,0,1,0,0%,0%,1,0
sio crane kelas 3,0,0,1,0,0%,0%,1,0
sio disnaker adalah,0,0,1,0,0%,0%,1,0
sio gondola asli,0,0,1,0,0%,0%,1,0
sio handlift,0,0,1,0,0%,0%,1,0
sio kelas 2,0,0,1,0,0%,0%,1,0
sio kemnaker adalah,0,0,1,0,0%,0%,1,0
sio loader kelas 1,0,0,1,0,0%,0%,1,0
sio operator alat berat,0,0,1,0,0%,0%,1,0
sio pertambangan,0,0,1,0,0%,0%,1,0
sio tembak,0,0,1,0,0%,0%,1,0
sioq,0,0,1,0,0%,0%,1,0
surat sio adalah,0,0,1,0,0%,0%,1,0
syarat pembuatan sio,0,0,1,0,0%,0%,1,0
bitung sulawesi utara,0,0,1,0,0%,0%,2,0
bs008,0,0,1,0,0%,0%,2,0
cara buat sio forklift,0,0,1,0,0%,0%,2,0
cara dapat,0,0,1,0,0%,0%,2,0
contoh sertifikat smk3,0,0,1,0,0%,0%,2,0
heinrich pyramid,0,0,1,0,0%,0%,2,0
hoh 2026,0,0,1,0,0%,0%,2,0
instansi yang mengeluarkan nib,0,0,1,0,0%,0%,2,0
k3 siantar,0,0,1,0,0%,0%,2,0
kapan buka pendaftaran,0,0,1,0,0%,0%,2,0
kemnaker,0,0,1,0,0%,0%,2,0
kota cilacap,0,0,1,0,0%,0%,2,0
kursus instalasi listrik,0,0,1,0,0%,0%,2,0
pelatihan forklift,0,0,1,0,0%,0%,2,0
pembuatan sio forklift,0,0,1,0,0%,0%,2,0
sekolah welder cilacap,0,0,1,0,0%,0%,2,0
sio compactor,0,0,1,0,0%,0%,2,0
sio forklift terbaru,0,0,1,0,0%,0%,2,0
sio k3 excavator,0,0,1,0,0%,0%,2,0
sio sio artinya,0,0,1,0,0%,0%,2,0
tabel sio,0,0,1,0,0%,0%,2,0
training forklift,0,0,1,0,0%,0%,2,0
welder,0,0,1,0,0%,0%,2,0
bentuk sio excavator,0,0,1,0,0%,0%,3,0
buat sio forklift,0,0,1,0,0%,0%,3,0
load chat,0,0,1,0,0%,0%,3,0
membuat sio forklift,0,0,1,0,0%,0%,3,0
siap kerja waykanan,0,0,1,0,0%,0%,3,0
signalman crane,0,0,1,0,0%,0%,3,0
sio artinya ambon,0,0,1,0,0%,0%,3,0
sioo artinya,0,0,1,0,0%,0%,3,0
kemenaker,0,0,1,0,0%,0%,4,0
mau,0,0,1,0,0%,0%,4,0
operator grader,0,0,1,0,0%,0%,4,0
sertifikasi operator crane,0,0,1,0,0%,0%,4,0
sio 2015,0,0,1,0,0%,0%,4,0
yap,0,0,1,0,0%,0%,4,0
it001,0,0,1,0,0%,0%,5,0
pelatihan welder terdekat,0,0,1,0,0%,0%,5,0
sio k,0,0,1,0,0%,0%,5,0
sio scaffolding,0,0,1,0,0%,0%,5,0
surat izin operator (sio),0,0,1,0,0%,0%,5,0
bengkel las terdekat,0,0,1,0,0%,0%,6,0
bikin sio forklift terdekat,0,0,1,0,0%,0%,6,0
dimana membuat sio forklift,0,0,1,0,0%,0%,6,0
fit for duty artinya,0,0,1,0,0%,0%,6,0
iso 18001 tentang apa,0,0,1,0,0%,0%,6,0
jakarta,0,0,1,0,0%,0%,6,0
pelatihan excavator terdekat,0,0,1,0,0%,0%,6,0
quantity engineer,0,0,1,0,0%,0%,6,0
sio digital,0,0,1,0,0%,0%,6,0
sio forklip,0,0,1,0,0%,0%,6,0
sio welding,0,0,1,0,0%,0%,6,0
geol brutal crop top,0,0,1,0,0%,0%,7,0
gondola crane,0,0,1,0,0%,0%,7,0
pelatihan forklift cilegon,0,0,1,0,0%,0%,7,0
sio driver,0,0,1,0,0%,0%,7,0
sio loader terbaru,0,0,1,0,0%,0%,7,0
apa itu sio alat berat,0,0,1,0,0%,0%,8,0
apa itu take 5,0,0,1,0,0%,0%,8,0
cek sio forklift,0,0,1,0,0%,0%,8,0
forklift training center near me,0,0,1,0,0%,0%,8,0
kursus alat berat,0,0,1,0,0%,0%,8,0
macam macam sio,0,0,1,0,0%,0%,8,0
operator skt,0,0,1,0,0%,0%,8,0
pelatihan las gratis 2026,0,0,1,0,0%,0%,8,0
pelatihan operator alat berat terdekat,0,0,1,0,0%,0%,8,0
sio forklift berapa,0,0,1,0,0%,0%,8,0
sio k3 adalah,0,0,1,0,0%,0%,8,0
streiger,0,0,1,0,0%,0%,8,0
apa itu load chart,0,0,1,0,0%,0%,9,0
at007,0,0,1,0,0%,0%,9,0
sio forklift semarang,0,0,1,0,0%,0%,9,0
berapa bikin sio forklift,0,0,1,0,0%,0%,10,0
biaya kursus forklift batam,0,0,1,0,0%,0%,10,0
dinas yang mengeluarkan nib,0,0,1,0,0%,0%,10,0
licence sio,0,0,1,0,0%,0%,10,0
rt003,0,0,1,0,0%,0%,10,0
sekolah forklift,0,0,1,0,0%,0%,10,0
sewa forklift jakarta pusat,0,0,1,0,0%,0%,10,0
sio rigger kemnaker,0,0,1,0,0%,0%,10,0
tkpk banyuwangi,0,0,1,0,0%,0%,10,0
apa arti sia,0,0,1,0,0%,0%,11,0
apa itu perka,0,0,1,0,0%,0%,11,0
backhoe shovel,0,0,1,0,0%,0%,11,0
biaya bikin sio,0,0,1,0,0%,0%,11,0
caraka adalah pekerjaan,0,0,1,0,0%,0%,11,0
contoh nib usaha,0,0,1,0,0%,0%,11,0
jasa konsultan internal auditor smk3 banten,0,0,1,0,0%,0%,11,0
pelatihan forklift mojokerto,0,0,1,0,0%,0%,11,0
pl004 sbu apa,0,0,1,0,0%,0%,11,0
93123,0,0,1,0,0%,0%,12,0
apa itu sio operator,0,0,1,0,0%,0%,12,0
apa itu stand down,0,0,1,0,0%,0%,12,0
biaya kursus crane makassar,0,0,1,0,0%,0%,12,0
big 4 auditor indonesia,0,0,1,0,0%,0%,12,0
bs 009,0,0,1,0,0%,0%,12,0
cara reset akun oss,0,0,1,0,0%,0%,12,0
ceo forklift,0,0,1,0,0%,0%,12,0
clicky.id,0,0,1,0,0%,0%,12,0
kemnaker sio,0,0,1,0,0%,0%,12,0
kursus alat berat manado,0,0,1,0,0%,0%,12,0
lembaga pelatihan kerja terdekat,0,0,1,0,0%,0%,12,0
masa aktif sio,0,0,1,0,0%,0%,12,0
masa aktif sio forklift,0,0,1,0,0%,0%,12,0
masa berlaku sia,0,0,1,0,0%,0%,12,0
shovel vs backhoe,0,0,1,0,0%,0%,12,0
sio boom lift,0,0,1,0,0%,0%,12,0
surat izin layak operasi (silo),0,0,1,0,0%,0%,12,0
kursus forklift bandung,0,0,1,0,0%,0%,13,0
kursus forklift semarang,0,0,1,0,0%,0%,13,0
pelatihan welder palembang,0,0,1,0,0%,0%,13,0
yang mengeluarkan nib,0,0,1,0,0%,0%,13,0
disnaker ogan ilir,0,0,1,0,0%,0%,15,0
bg002,0,0,1,0,0%,0%,18,0
klabot,0,0,1,0,0%,0%,18,0
siup vs nib,0,0,1,0,0%,0%,18,0
sio asli,0,0,1,0,0%,0%,19,0
disnaker,0,0,1,0,0%,0%,20,0
forklift kudus,0,0,1,0,0%,0%,20,0
jasa konsultan csms,0,0,1,0,0%,0%,20,0
e simpan pupr,0,0,1,0,0%,0%,21,0
biaya pembuatan ska,0,0,1,0,0%,0%,22,0
bs010,0,0,1,0,0%,0%,22,0
forklift batang,0,0,1,0,0%,0%,22,0
bukti kepemilikan alat berat,0,0,1,0,0%,0%,23,0
kursus las bandung,0,0,1,0,0%,0%,23,0
sertifikasi iso perorangan,0,0,1,0,0%,0%,23,0
sio untuk alat berat,0,0,1,0,0%,0%,25,0
cara mendapatkan sertifikat bnsp gratis,0,0,1,0,0%,0%,26,0
pelatihan ahli k3 umum bekasi,0,0,1,0,0%,0%,27,0
jasa gondola medan,0,0,1,0,0%,0%,29,0
riksa uji forklift,0,0,1,0,0%,0%,29,0
sio operator boiler,0,0,1,0,0%,0%,30,0
contoh sio forklift,0,0,1,0,0%,0%,31,0
perbedaan iso 45001 dan ohsas 18001,0,0,1,0,0%,0%,32,0
total solusi konstruksi,0,0,1,0,0%,0%,33,0
dokumen csms pertamina,0,0,1,0,0%,0%,39,0
customer service kemnaker,0,0,1,0,0%,0%,41,0
pelatihan ahli k3 muda konstruksi,0,0,1,0,0%,0%,42,0
e simpan login,0,0,1,0,0%,0%,45,0
silo excavator,0,0,1,0,0%,0%,46,0
contoh csms,0,0,1,0,0%,0%,47,0
shovel artinya,0,0,1,0,0%,0%,48,0
sio adalah singkatan dari,0,0,1,0,0%,0%,48,0
apa itu bbs,0,0,1,0,0%,0%,49,0
perpres barang jasa terbaru,0,0,1,0,0%,0%,51,0
biaya kursus forklift untuk pemula,0,0,1,0,0%,0%,52,0
perusahaan big four indonesia,0,0,1,0,0%,0%,56,0
pelatihan ahli k3 kimia,0,0,1,0,0%,0%,58,0
membuat nib perorangan,0,0,1,0,0%,0%,59,0
truck teori gratis,0,0,1,0,0%,0%,61,0
auditor smk3 kemnaker,0,0,1,0,0%,0%,62,0
sertifikasi desain grafis,0,0,1,0,0%,0%,62,0
perusahaan big 4 indonesia,0,0,1,0,0%,0%,63,0
pelatihan petugas k3 kimia,0,0,1,0,0%,0%,65,0
tkpk 1,0,0,1,0,0%,0%,65,0
biaya sertifikasi iso 14001,0,0,1,0,0%,0%,66,0
iso 450001,0,0,1,0,0%,0%,66,0
orang perseorangan,0,0,1,0,0%,0%,67,0
konsultan iso 45001,0,0,1,0,0%,0%,68,0
biaya pelatihan forklift,0,0,1,0,0%,0%,69,0
ende farm,0,0,1,0,0%,0%,69,0
kursus las jakarta,0,0,1,0,0%,0%,69,0
perbedaan siup dan nib,0,0,1,0,0%,0%,71,0
genset denpasar,0,0,1,0,0%,0%,73,0
sertifikat rigger,0,0,1,0,0%,0%,73,0
ahli k3 kimia,0,0,1,0,0%,0%,74,0
pelatihan k3 jogja,0,0,1,0,0%,0%,74,0
cek sio online,0,0,1,0,0%,0%,75,0
forklift crane,0,0,1,0,0%,0%,75,0
tower crane adalah,0,0,1,0,0%,0%,75,0
bisnis konstruksi,0,0,1,0,0%,0%,77,0
jasa csms,0,0,1,0,0%,0%,78,0
pelatihan damkar kelas d,0,0,1,0,0%,0%,79,0
perpres barjas terbaru,0,0,1,0,0%,0%,79,0
operator k3 migas,0,0,1,0,0%,0%,82,0
sertifikat k3 adalah,0,0,1,0,0%,0%,82,0
sewa forklift penggilingan,0,0,1,0,0%,0%,82,0
perbedaan iso 45001 dan smk3,0,0,1,0,0%,0%,83,0
paa adalah,0,0,1,0,0%,0%,84,0
sertifikasi forklift,0,0,1,0,0%,0%,84,0
surat k3,0,0,1,0,0%,0%,84,0
petugas k3 kimia,0,0,1,0,0%,0%,85,0
training rigger,0,0,1,0,0%,0%,85,0
damkar cilegon,0,0,1,0,0%,0%,86,0
operator dump truck,0,0,1,0,0%,0%,87,0
sertifikat forklift,0,0,1,0,0%,0%,87,0
boom truck certification near me,0,0,1,0,0%,0%,88,0
syarat nib perorangan,0,0,1,0,0%,0%,89,0
training smk3,0,0,1,0,0%,0%,89,0
sertifikasi ak3 umum,0,0,1,0,0%,0%,90,0
pengurusan iso,0,0,1,0,0%,0%,93,0
biaya pembuatan iso 9001,0,0,1,0,0%,0%,94,0
sbu perdagangan,0,0,1,0,0%,0%,95,0
nib perorangan adalah,0,0,1,0,0%,0%,96,0
pelatihan k3 gratis,0,0,1,0,0%,0%,96,0
cara mendirikan,0,0,1,0,0%,0%,99,0
nama alat konstruksi,0,0,1,0,0%,0%,99,0